{
  "project_info": {
    "project_number": "615169872529",
    "firebase_url": "https://dropify-c7da0.firebaseio.com",
    "project_id": "dropify-c7da0",
    "storage_bucket": "dropify-c7da0.appspot.com"
  },
  "client": [
    {
      "client_info": {
        "mobilesdk_app_id": "1:615169872529:android:3156af00513836d0",
        "android_client_info": {
          "package_name": "co.drop.dropify"
        }
      },
      "oauth_client": [
        {
          "client_id": "615169872529-ov3fevucj95viqoab99jlj12lg10oeis.apps.googleusercontent.com",
          "client_type": 3
        }
      ],
      "api_key": [
        {
          "current_key": "AIzaSyAutreHwfD_FEa3FMAdlUcz5Ylc0xpv7pU"
        }
      ],
      "services": {
        "appinvite_service": {
          "other_platform_oauth_client": [
            {
              "client_id": "615169872529-ov3fevucj95viqoab99jlj12lg10oeis.apps.googleusercontent.com",
              "client_type": 3
            }
          ]
        }
      }
    },
    {
      "client_info": {
        "mobilesdk_app_id": "1:615169872529:android:a3b9025b5fa8490e",
        "android_client_info": {
          "package_name": "co.drop.dropper"
        }
      },
      "oauth_client": [
        {
          "client_id": "615169872529-ov3fevucj95viqoab99jlj12lg10oeis.apps.googleusercontent.com",
          "client_type": 3
        }
      ],
      "api_key": [
        {
          "current_key": "AIzaSyAutreHwfD_FEa3FMAdlUcz5Ylc0xpv7pU"
        }
      ],
      "services": {
        "appinvite_service": {
          "other_platform_oauth_client": [
            {
              "client_id": "615169872529-ov3fevucj95viqoab99jlj12lg10oeis.apps.googleusercontent.com",
              "client_type": 3
            }
          ]
        }
      }
    }
  ],
  "configuration_version": "1"
}